{"cameraMode":{"drawMode":0,"name":"Shaded","section":"Shading Mode"},"sceneLighting":true,"audioPlay":false,"sceneViewState":{"showFog":true,"showMaterialUpdate":false,"showSkybox":true,"showFlares":true,"showImageEffects":true,"showParticleSystems":true},"in2DMode":false,"pivot":{"x":143.3462677001953,"y":305.0757141113281,"z":0.015533447265625},"rotation":{"x":0.016189640387892724,"y":-0.003902137279510498,"z":-0.00006303609552560374,"w":-0.9998618364334106},"size":431.2170104980469,"orthographic":false}